task,setting,method,episodes,successes,success_rate,success_rate_percent,policy_calls_total,policy_calls_per_episode,policy_infer_seconds_per_episode,wall_seconds_per_episode,successes_per_1000_policy_calls
adjust_bottle,demo_clean,base,20,20,1.0,100.0,60,3.0,0.5074514150619507,12.49633331298828,333.3333333333333
adjust_bottle,demo_clean,ahs,20,20,1.0,100.0,112,5.6,0.7328444123268127,12.038852739334107,178.57142857142858
adjust_bottle,demo_randomized,base,20,18,0.9,90.0,71,3.55,0.555653977394104,17.976612710952757,253.5211267605634
adjust_bottle,demo_randomized,ahs,20,19,0.95,95.0,120,6.0,0.7669708371162415,15.760148525238037,158.33333333333334
beat_block_hammer,demo_clean,base,20,14,0.7,70.0,93,4.65,0.643058443069458,17.82762837409973,150.53763440860214
beat_block_hammer,demo_clean,ahs,20,16,0.8,80.0,146,7.3,0.886407732963562,16.00198378562927,109.58904109589041
beat_block_hammer,demo_randomized,base,20,3,0.15,15.0,146,7.3,0.8828128814697266,35.00765790939331,20.54794520547945
beat_block_hammer,demo_randomized,ahs,20,10,0.5,50.0,234,11.7,1.2662266492843628,28.46948461532593,42.73504273504273
blocks_ranking_rgb,demo_clean,base,20,16,0.8,80.0,264,13.2,1.415965485572815,50.7485954284668,60.60606060606061
blocks_ranking_rgb,demo_clean,ahs,20,19,0.95,95.0,365,18.25,1.8858858466148376,39.90950222015381,52.054794520547944
blocks_ranking_rgb,demo_randomized,base,20,8,0.4,40.0,391,19.55,1.9395366311073303,86.84828758239746,20.460358056265985
blocks_ranking_rgb,demo_randomized,ahs,20,14,0.7,70.0,572,28.6,2.7182674527168276,70.8034460067749,24.475524475524477
blocks_ranking_size,demo_clean,base,20,5,0.25,25.0,419,20.95,2.064627528190613,80.57717056274414,11.933174224343675
blocks_ranking_size,demo_clean,ahs,20,9,0.45,45.0,684,34.2,3.1970316886901857,71.59071941375733,13.157894736842104
blocks_ranking_size,demo_randomized,base,20,5,0.25,25.0,426,21.3,2.1253220438957214,96.16476001739503,11.737089201877934
blocks_ranking_size,demo_randomized,ahs,20,7,0.35,35.0,740,37.0,3.5878583550453187,92.97804927825928,9.45945945945946
click_alarmclock,demo_clean,base,20,12,0.6,60.0,88,4.4,0.6563563466072082,17.166907477378846,136.36363636363637
click_alarmclock,demo_clean,ahs,20,13,0.65,65.0,157,7.85,0.922131884098053,15.541638469696045,82.80254777070064
click_alarmclock,demo_randomized,base,20,9,0.45,45.0,106,5.3,0.6996681451797485,23.607005834579468,84.90566037735849
click_alarmclock,demo_randomized,ahs,20,9,0.45,45.0,197,9.85,1.0889111399650573,24.282737302780152,45.68527918781726
click_bell,demo_clean,base,20,7,0.35,35.0,118,5.9,0.740549874305725,20.94444990158081,59.32203389830509
click_bell,demo_clean,ahs,20,14,0.7,70.0,127,6.35,0.7865832448005676,13.176153922080994,110.23622047244095
click_bell,demo_randomized,base,20,11,0.55,55.0,93,4.65,0.6453716039657593,21.12895941734314,118.27956989247312
click_bell,demo_randomized,ahs,20,11,0.55,55.0,170,8.5,0.9612898826599121,21.17928373813629,64.70588235294117
dump_bin_bigbin,demo_clean,base,20,19,0.95,95.0,99,4.95,0.6741032481193543,22.235326623916627,191.91919191919192
dump_bin_bigbin,demo_clean,ahs,20,19,0.95,95.0,178,8.9,1.0101678133010865,21.52810082435608,106.74157303370787
dump_bin_bigbin,demo_randomized,base,20,16,0.8,80.0,117,5.85,0.7397636532783508,26.019464683532714,136.75213675213675
dump_bin_bigbin,demo_randomized,ahs,20,15,0.75,75.0,224,11.2,1.1930577516555787,26.726862335205077,66.96428571428571
grab_roller,demo_clean,base,20,20,1.0,100.0,42,2.1,0.43154343366622927,9.95023159980774,476.1904761904762
grab_roller,demo_clean,ahs,20,20,1.0,100.0,82,4.1,0.5954134583473205,9.692423868179322,243.90243902439025
grab_roller,demo_randomized,base,20,18,0.9,90.0,52,2.6,0.5027096390724182,14.869073247909546,346.15384615384613
grab_roller,demo_randomized,ahs,20,18,0.9,90.0,111,5.55,0.7643724322319031,15.286779928207398,162.16216216216216
handover_block,demo_clean,base,20,13,0.65,65.0,191,9.55,1.0534626603126527,37.516148281097415,68.06282722513089
handover_block,demo_clean,ahs,20,13,0.65,65.0,380,19.0,1.8444352388381957,37.74325437545777,34.21052631578947
handover_block,demo_randomized,base,20,2,0.1,10.0,300,15.0,1.5924219369888306,72.84636058807374,6.666666666666667
handover_block,demo_randomized,ahs,20,7,0.35,35.0,505,25.25,2.5361124634742738,63.88904361724853,13.861386138613861
handover_mic,demo_clean,base,20,20,1.0,100.0,94,4.7,0.6540031433105469,20.691956329345704,212.7659574468085
handover_mic,demo_clean,ahs,20,20,1.0,100.0,175,8.75,0.9950886130332947,19.86172456741333,114.28571428571429
handover_mic,demo_randomized,base,20,3,0.15,15.0,217,10.85,1.2344217419624328,56.981160736083986,13.824884792626728
handover_mic,demo_randomized,ahs,20,3,0.15,15.0,451,22.55,2.2926191449165345,61.76242809295654,6.651884700665189
hanging_mug,demo_clean,base,20,4,0.2,20.0,315,15.75,1.6173579096794128,66.90921821594239,12.698412698412698
hanging_mug,demo_clean,ahs,20,6,0.3,30.0,565,28.25,2.8036147594451903,69.38698434829712,10.619469026548673
hanging_mug,demo_randomized,base,20,1,0.05,5.0,349,17.45,1.8370895266532898,89.6897611618042,2.865329512893983
hanging_mug,demo_randomized,ahs,20,2,0.1,10.0,673,33.65,3.322544717788696,90.13101253509521,2.971768202080238
lift_pot,demo_clean,base,20,13,0.65,65.0,99,4.95,0.9497169494628906,24.160332489013673,131.31313131313132
lift_pot,demo_clean,ahs,20,14,0.7,70.0,157,7.85,0.9821136832237244,20.70487380027771,89.171974522293
lift_pot,demo_randomized,base,20,6,0.3,30.0,130,6.5,0.8664961218833923,36.36959505081177,46.15384615384615
lift_pot,demo_randomized,ahs,20,7,0.35,35.0,233,11.65,1.3314358234405517,35.554171848297116,30.042918454935624
move_can_pot,demo_clean,base,20,10,0.5,50.0,111,5.55,0.7741269826889038,24.542716121673585,90.09009009009009
move_can_pot,demo_clean,ahs,20,15,0.75,75.0,178,8.9,1.0660243391990663,20.39675521850586,84.26966292134831
move_can_pot,demo_randomized,base,20,2,0.1,10.0,155,7.75,0.9695318222045899,40.5493860244751,12.903225806451612
move_can_pot,demo_randomized,ahs,20,5,0.25,25.0,287,14.35,1.57935471534729,38.20847249031067,17.421602787456447
move_pillbottle_pad,demo_clean,base,20,11,0.55,55.0,110,5.5,0.7635470986366272,22.414104843139647,100.0
move_pillbottle_pad,demo_clean,ahs,20,16,0.8,80.0,168,8.4,1.0322053194046021,18.425708103179932,95.23809523809524
move_pillbottle_pad,demo_randomized,base,20,6,0.3,30.0,137,6.85,0.892223858833313,34.604759502410886,43.7956204379562
move_pillbottle_pad,demo_randomized,ahs,20,6,0.3,30.0,277,13.85,1.532231080532074,35.894336986541745,21.660649819494584
move_playingcard_away,demo_clean,base,20,18,0.9,90.0,70,3.5,0.5869950413703918,14.184181261062623,257.14285714285717
move_playingcard_away,demo_clean,ahs,20,16,0.8,80.0,147,7.35,0.9355650305747986,15.535392618179321,108.84353741496598
move_playingcard_away,demo_randomized,base,20,15,0.75,75.0,85,4.25,0.6478052139282227,21.522989749908447,176.47058823529412
move_playingcard_away,demo_randomized,ahs,20,15,0.75,75.0,159,7.95,0.983544921875,20.962266206741333,94.33962264150944
move_stapler_pad,demo_clean,base,20,4,0.2,20.0,147,7.35,0.9181830167770386,30.39931364059448,27.210884353741495
move_stapler_pad,demo_clean,ahs,20,7,0.35,35.0,264,13.2,1.4609699964523315,28.32442178726196,26.515151515151516
move_stapler_pad,demo_randomized,base,20,4,0.2,20.0,154,7.7,0.9619365096092224,39.05854415893555,25.974025974025974
move_stapler_pad,demo_randomized,ahs,20,1,0.05,5.0,324,16.2,1.7426023960113526,41.85798692703247,3.0864197530864197
open_laptop,demo_clean,base,20,19,0.95,95.0,77,3.85,0.6089306592941284,20.28698101043701,246.75324675324674
open_laptop,demo_clean,ahs,20,18,0.9,90.0,212,10.6,1.2112539291381836,25.98171067237854,84.90566037735849
open_laptop,demo_randomized,base,20,17,0.85,85.0,96,4.8,0.7029565453529358,28.740973567962648,177.08333333333334
open_laptop,demo_randomized,ahs,20,14,0.7,70.0,259,12.95,1.4475616335868835,38.09663252830505,54.054054054054056
open_microwave,demo_clean,base,20,17,0.85,85.0,223,11.15,1.2612394571304322,45.82046642303467,76.23318385650224
open_microwave,demo_clean,ahs,20,10,0.5,50.0,749,37.45,3.6587867617607115,80.87690110206604,13.35113484646195
open_microwave,demo_randomized,base,20,7,0.35,35.0,437,21.85,2.24937481880188,98.6904468536377,16.018306636155607
open_microwave,demo_randomized,ahs,20,5,0.25,25.0,917,45.85,4.487072086334228,117.46653003692627,5.452562704471101
pick_diverse_bottles,demo_clean,base,20,9,0.45,45.0,115,5.75,0.7849282264709473,26.377917194366454,78.26086956521739
pick_diverse_bottles,demo_clean,ahs,20,11,0.55,55.0,190,9.5,1.1328920602798462,24.13794412612915,57.89473684210526
pick_diverse_bottles,demo_randomized,base,20,7,0.35,35.0,125,6.25,0.8337247967720032,31.73806028366089,56.0
pick_diverse_bottles,demo_randomized,ahs,20,14,0.7,70.0,169,8.45,1.0391866207122802,22.98716082572937,82.84023668639053
pick_dual_bottles,demo_clean,base,20,11,0.55,55.0,105,5.25,0.736009681224823,23.89400944709778,104.76190476190476
pick_dual_bottles,demo_clean,ahs,20,14,0.7,70.0,155,7.75,0.9710452556610107,20.185386419296265,90.3225806451613
pick_dual_bottles,demo_randomized,base,20,15,0.75,75.0,85,4.25,0.6597939968109131,22.919700336456298,176.47058823529412
pick_dual_bottles,demo_randomized,ahs,20,15,0.75,75.0,159,7.95,1.0060179233551025,21.543720722198486,94.33962264150944
place_a2b_left,demo_clean,base,20,15,0.75,75.0,92,4.6,0.6812557101249694,20.680225944519044,163.04347826086956
place_a2b_left,demo_clean,ahs,20,14,0.7,70.0,186,9.3,1.122377061843872,21.748743104934693,75.26881720430107
place_a2b_left,demo_randomized,base,20,11,0.55,55.0,106,5.3,0.7461244821548462,28.199591064453124,103.77358490566037
place_a2b_left,demo_randomized,ahs,20,13,0.65,65.0,199,9.95,1.185638952255249,27.57916679382324,65.32663316582915
place_a2b_right,demo_clean,base,20,14,0.7,70.0,93,4.65,0.6881619572639466,20.8059944152832,150.53763440860214
place_a2b_right,demo_clean,ahs,20,15,0.75,75.0,169,8.45,1.037087094783783,20.40015230178833,88.75739644970415
place_a2b_right,demo_randomized,base,20,10,0.5,50.0,110,5.5,0.7758705854415894,28.82551727294922,90.9090909090909
place_a2b_right,demo_randomized,ahs,20,10,0.5,50.0,237,11.85,1.3538785219192504,32.42886238098144,42.19409282700422
place_bread_basket,demo_clean,base,20,11,0.55,55.0,167,8.35,1.008872961997986,41.11406774520874,65.86826347305389
place_bread_basket,demo_clean,ahs,20,15,0.75,75.0,242,12.1,1.362629508972168,33.93753957748413,61.98347107438016
place_bread_basket,demo_randomized,base,20,11,0.55,55.0,179,8.95,1.0722463726997375,49.63111171722412,61.452513966480446
place_bread_basket,demo_randomized,ahs,20,11,0.55,55.0,382,19.1,2.0125370025634766,56.61338176727295,28.79581151832461
place_bread_skillet,demo_clean,base,20,7,0.35,35.0,160,8.0,0.9868804574012756,39.909466457366946,43.75
place_bread_skillet,demo_clean,ahs,20,11,0.55,55.0,251,12.55,1.4121440649032593,33.174505424499515,43.82470119521912
place_bread_skillet,demo_randomized,base,20,12,0.6,60.0,123,6.15,0.8340251564979553,34.36367864608765,97.5609756097561
place_bread_skillet,demo_randomized,ahs,20,11,0.55,55.0,251,12.55,1.41949622631073,35.95665016174316,43.82470119521912
place_burger_fries,demo_clean,base,20,19,0.95,95.0,105,5.25,0.7282308459281921,28.8309232711792,180.95238095238096
place_burger_fries,demo_clean,ahs,20,19,0.95,95.0,191,9.55,1.134978210926056,27.752378845214842,99.47643979057591
place_burger_fries,demo_randomized,base,20,18,0.9,90.0,113,5.65,0.7892831563949585,33.74634847640991,159.2920353982301
place_burger_fries,demo_randomized,ahs,20,20,1.0,100.0,182,9.1,1.104547655582428,28.49448757171631,109.89010989010988
place_can_basket,demo_clean,base,20,8,0.4,40.0,213,10.65,1.23157696723938,55.270440864562985,37.55868544600939
place_can_basket,demo_clean,ahs,20,17,0.85,85.0,261,13.05,1.4504913687705994,37.66665382385254,65.13409961685824
place_can_basket,demo_randomized,base,20,0,0.0,0.0,280,14.0,1.5387264847755433,86.9401481628418,0.0
place_can_basket,demo_randomized,ahs,20,7,0.35,35.0,451,22.55,2.3240007638931273,74.64013614654542,15.521064301552107
place_cans_plasticbox,demo_clean,base,20,8,0.4,40.0,255,12.75,1.4230526566505433,65.22112789154053,31.372549019607842
place_cans_plasticbox,demo_clean,ahs,20,17,0.85,85.0,258,12.9,1.441287100315094,36.585090255737306,65.89147286821705
place_cans_plasticbox,demo_randomized,base,20,11,0.55,55.0,199,9.95,1.172048604488373,57.18291187286377,55.27638190954774
place_cans_plasticbox,demo_randomized,ahs,20,16,0.8,80.0,294,14.7,1.6126903533935546,44.71235857009888,54.42176870748299
place_container_plate,demo_clean,base,20,15,0.75,75.0,87,4.35,0.6496512532234192,20.215831518173218,172.41379310344828
place_container_plate,demo_clean,ahs,20,18,0.9,90.0,139,6.95,0.8908390283584595,17.081725692749025,129.49640287769785
place_container_plate,demo_randomized,base,20,16,0.8,80.0,95,4.75,0.7001253485679626,25.753351593017577,168.42105263157896
place_container_plate,demo_randomized,ahs,20,16,0.8,80.0,170,8.5,1.0393754959106445,23.922319459915162,94.11764705882354
place_dual_shoes,demo_clean,base,20,15,0.75,75.0,139,6.95,0.8865237712860108,40.25656280517578,107.9136690647482
place_dual_shoes,demo_clean,ahs,20,17,0.85,85.0,242,12.1,1.3738092541694642,35.98356533050537,70.24793388429752
place_dual_shoes,demo_randomized,base,20,10,0.5,50.0,171,8.55,1.0430553078651428,50.33528280258179,58.47953216374269
place_dual_shoes,demo_randomized,ahs,20,12,0.6,60.0,317,15.85,1.720820426940918,47.42777528762817,37.85488958990536
place_empty_cup,demo_clean,base,20,20,1.0,100.0,72,3.6,0.5822183966636658,17.16679196357727,277.77777777777777
place_empty_cup,demo_clean,ahs,20,20,1.0,100.0,128,6.4,0.8428992867469788,16.361157274246217,156.25
place_empty_cup,demo_randomized,base,20,13,0.65,65.0,131,6.55,0.8522593379020691,35.53077163696289,99.23664122137404
place_empty_cup,demo_randomized,ahs,20,14,0.7,70.0,239,11.95,1.359821581840515,33.287336349487305,58.57740585774059
place_fan,demo_clean,base,20,15,0.75,75.0,98,4.9,0.70659259557724,22.504150009155275,153.0612244897959
place_fan,demo_clean,ahs,20,15,0.75,75.0,184,9.2,1.105130636692047,21.412623834609985,81.52173913043478
place_fan,demo_randomized,base,20,9,0.45,45.0,124,6.2,0.8316057324409485,32.61274476051331,72.58064516129032
place_fan,demo_randomized,ahs,20,8,0.4,40.0,261,13.05,1.465502917766571,36.081882858276366,30.65134099616858
place_mouse_pad,demo_clean,base,20,3,0.15,15.0,145,7.25,0.9274960041046143,30.314625692367553,20.689655172413794
place_mouse_pad,demo_clean,ahs,20,9,0.45,45.0,244,12.2,1.3729650735855103,25.99366397857666,36.885245901639344
place_mouse_pad,demo_randomized,base,20,5,0.25,25.0,137,6.85,0.884526538848877,34.930652904510495,36.496350364963504
place_mouse_pad,demo_randomized,ahs,20,5,0.25,25.0,282,14.1,1.5637696743011475,37.25894260406494,17.73049645390071
place_object_basket,demo_clean,base,20,10,0.5,50.0,194,9.7,1.1287450075149537,49.77891254425049,51.54639175257732
place_object_basket,demo_clean,ahs,20,12,0.6,60.0,340,17.0,1.7776330947875976,46.5308051109314,35.294117647058826
place_object_basket,demo_randomized,base,20,4,0.2,20.0,256,12.8,1.4296310782432555,78.77973918914795,15.625
place_object_basket,demo_randomized,ahs,20,7,0.35,35.0,457,22.85,2.368890845775604,74.71146049499512,15.317286652078774
place_object_scale,demo_clean,base,20,12,0.6,60.0,105,5.25,0.7276240587234497,23.44715623855591,114.28571428571429
place_object_scale,demo_clean,ahs,20,17,0.85,85.0,149,7.45,0.9428999066352844,18.098574495315553,114.09395973154362
place_object_scale,demo_randomized,base,20,9,0.45,45.0,119,5.95,0.8096650123596192,31.60101537704468,75.63025210084034
place_object_scale,demo_randomized,ahs,20,10,0.5,50.0,228,11.4,1.3088456988334656,31.21612129211426,43.85964912280702
place_object_stand,demo_clean,base,20,17,0.85,85.0,75,3.75,0.5757994771003723,16.758936166763306,226.66666666666666
place_object_stand,demo_clean,ahs,20,16,0.8,80.0,161,8.05,0.962812626361847,18.377231454849245,99.37888198757764
place_object_stand,demo_randomized,base,20,11,0.55,55.0,113,5.65,0.7868611097335816,30.60844569206238,97.34513274336283
place_object_stand,demo_randomized,ahs,20,18,0.9,90.0,143,7.15,0.9170892715454102,20.513592433929443,125.87412587412588
place_phone_stand,demo_clean,base,20,13,0.65,65.0,95,4.75,0.6740290522575378,19.501522016525268,136.8421052631579
place_phone_stand,demo_clean,ahs,20,13,0.65,65.0,179,8.95,1.0335310578346253,19.319978189468383,72.62569832402235
place_phone_stand,demo_randomized,base,20,9,0.45,45.0,117,5.85,0.7952440619468689,30.178206062316896,76.92307692307692
place_phone_stand,demo_randomized,ahs,20,7,0.35,35.0,267,13.35,1.4842215538024903,35.79314022064209,26.217228464419474
place_shoe,demo_clean,base,20,17,0.85,85.0,91,4.55,0.654130220413208,20.18921365737915,186.8131868131868
place_shoe,demo_clean,ahs,20,18,0.9,90.0,156,7.8,0.9394066572189331,18.36286244392395,115.38461538461539
place_shoe,demo_randomized,base,20,15,0.75,75.0,109,5.45,0.7555076241493225,30.30516138076782,137.61467889908258
place_shoe,demo_randomized,ahs,20,11,0.55,55.0,254,12.7,1.4310536861419678,35.7449764251709,43.30708661417323
press_stapler,demo_clean,base,20,20,1.0,100.0,49,2.45,0.4722044587135315,10.61764361858368,408.16326530612247
press_stapler,demo_clean,ahs,20,18,0.9,90.0,118,5.9,0.7628564357757568,11.99257845878601,152.54237288135593
press_stapler,demo_randomized,base,20,12,0.6,60.0,91,4.55,0.6795461297035217,24.221730518341065,131.86813186813185
press_stapler,demo_randomized,ahs,20,14,0.7,70.0,156,7.8,0.9832513093948364,22.16846432685852,89.74358974358974
put_bottles_dustbin,demo_clean,base,20,9,0.45,45.0,492,24.6,2.3781916975975035,108.15672969818115,18.29268292682927
put_bottles_dustbin,demo_clean,ahs,20,13,0.65,65.0,756,37.8,3.494681990146637,89.85258827209472,17.195767195767196
put_bottles_dustbin,demo_randomized,base,20,10,0.5,50.0,455,22.75,2.1129912734031677,95.01505069732666,21.978021978021978
put_bottles_dustbin,demo_randomized,ahs,20,11,0.55,55.0,847,42.35,3.7889492869377137,95.03120918273926,12.987012987012987
put_object_cabinet,demo_clean,base,20,5,0.25,25.0,238,11.9,1.3284753084182739,60.87003993988037,21.008403361344538
put_object_cabinet,demo_clean,ahs,20,7,0.35,35.0,462,23.1,2.364334261417389,60.24233179092407,15.151515151515152
put_object_cabinet,demo_randomized,base,20,4,0.2,20.0,248,12.4,1.3855507373809814,69.99084987640381,16.129032258064516
put_object_cabinet,demo_randomized,ahs,20,3,0.15,15.0,535,26.75,2.6643548727035524,72.10050220489502,5.607476635514018
rotate_qrcode,demo_clean,base,20,16,0.8,80.0,87,4.35,0.622217321395874,17.573554372787477,183.90804597701148
rotate_qrcode,demo_clean,ahs,20,17,0.85,85.0,153,7.65,0.9209110140800476,16.329609966278078,111.11111111111111
rotate_qrcode,demo_randomized,base,20,6,0.3,30.0,130,6.5,0.8554152011871338,33.707942724227905,46.15384615384615
rotate_qrcode,demo_randomized,ahs,20,6,0.3,30.0,283,14.15,1.5407833218574525,37.39636335372925,21.20141342756184
scan_object,demo_clean,base,20,4,0.2,20.0,176,8.8,1.007214903831482,37.362449169158936,22.727272727272727
scan_object,demo_clean,ahs,20,8,0.4,40.0,306,15.3,1.5678191423416137,33.80135650634766,26.143790849673202
scan_object,demo_randomized,base,20,4,0.2,20.0,182,9.1,1.0793263792991639,44.79763469696045,21.978021978021978
scan_object,demo_randomized,ahs,20,10,0.5,50.0,257,12.85,1.4394222974777222,36.896617603302005,38.91050583657587
shake_bottle,demo_clean,base,20,20,1.0,100.0,45,2.25,0.4426630258560181,9.490499496459961,444.44444444444446
shake_bottle,demo_clean,ahs,20,20,1.0,100.0,78,3.9,0.5838051319122315,9.122138929367065,256.4102564102564
shake_bottle,demo_randomized,base,20,20,1.0,100.0,40,2.0,0.43909398317337034,12.158700466156006,500.0
shake_bottle,demo_randomized,ahs,20,20,1.0,100.0,87,4.35,0.6472045540809631,12.88280897140503,229.88505747126436
shake_bottle_horizontally,demo_clean,base,20,20,1.0,100.0,49,2.45,0.4588842153549194,10.194575905799866,408.16326530612247
shake_bottle_horizontally,demo_clean,ahs,20,20,1.0,100.0,88,4.4,0.6331983089447022,9.888741445541381,227.27272727272728
shake_bottle_horizontally,demo_randomized,base,20,20,1.0,100.0,43,2.15,0.47288706302642824,12.747998142242432,465.1162790697674
shake_bottle_horizontally,demo_randomized,ahs,20,20,1.0,100.0,84,4.2,0.6501523971557617,12.868771314620972,238.0952380952381
stack_blocks_three,demo_clean,base,20,15,0.75,75.0,273,13.65,1.410264015197754,51.1574764251709,54.94505494505494
stack_blocks_three,demo_clean,ahs,20,11,0.55,55.0,593,29.65,2.7865962624549865,61.47502746582031,18.54974704890388
stack_blocks_three,demo_randomized,base,20,7,0.35,35.0,382,19.1,1.9591901779174805,88.18474922180175,18.32460732984293
stack_blocks_three,demo_randomized,ahs,20,9,0.45,45.0,677,33.85,3.2437549233436584,84.85909633636474,13.293943870014772
stack_blocks_two,demo_clean,base,20,17,0.85,85.0,160,8.0,0.9275539994239808,30.23498249053955,106.25
stack_blocks_two,demo_clean,ahs,20,20,1.0,100.0,235,11.75,1.2542516231536864,24.966376209259032,85.1063829787234
stack_blocks_two,demo_randomized,base,20,16,0.8,80.0,165,8.25,1.0023507475852966,39.061046028137206,96.96969696969697
stack_blocks_two,demo_randomized,ahs,20,18,0.9,90.0,280,14.0,1.5219406604766845,37.70830783843994,64.28571428571429
stack_bowls_three,demo_clean,base,20,12,0.6,60.0,311,15.55,1.5735098838806152,68.41865997314453,38.58520900321543
stack_bowls_three,demo_clean,ahs,20,13,0.65,65.0,549,27.45,2.596520686149597,66.33600444793701,23.67941712204007
stack_bowls_three,demo_randomized,base,20,7,0.35,35.0,386,19.3,1.967279040813446,97.13450736999512,18.134715025906736
stack_bowls_three,demo_randomized,ahs,20,6,0.3,30.0,739,36.95,3.5722682595252992,101.90761871337891,8.119079837618404
stack_bowls_two,demo_clean,base,20,20,1.0,100.0,127,6.35,0.7905127882957459,27.412807369232176,157.48031496062993
stack_bowls_two,demo_clean,ahs,20,17,0.85,85.0,324,16.2,1.638524866104126,37.3005292892456,52.46913580246913
stack_bowls_two,demo_randomized,base,20,17,0.85,85.0,178,8.9,1.0586566209793091,44.50125713348389,95.50561797752809
stack_bowls_two,demo_randomized,ahs,20,18,0.9,90.0,313,15.65,1.6637362003326417,43.42178020477295,57.50798722044728
stamp_seal,demo_clean,base,20,7,0.35,35.0,134,6.7,0.8136319875717163,24.9206344127655,52.23880597014925
stamp_seal,demo_clean,ahs,20,6,0.3,30.0,262,13.1,1.3599963307380676,25.767827463150024,22.900763358778626
stamp_seal,demo_randomized,base,20,5,0.25,25.0,138,6.9,0.8670252084732055,32.19916286468506,36.231884057971016
stamp_seal,demo_randomized,ahs,20,6,0.3,30.0,278,13.9,1.494914674758911,33.860184812545775,21.58273381294964
turn_switch,demo_clean,base,20,8,0.4,40.0,113,5.65,0.7351188778877258,22.688678097724914,70.79646017699115
turn_switch,demo_clean,ahs,20,8,0.4,40.0,220,11.0,1.1880869388580322,23.38774106502533,36.36363636363637
turn_switch,demo_randomized,base,20,5,0.25,25.0,130,6.5,0.8322727799415588,29.82686777114868,38.46153846153846
turn_switch,demo_randomized,ahs,20,5,0.25,25.0,259,12.95,1.415157723426819,31.73970232009888,19.305019305019304
