task_name,base_successes,base_sr_pct,ahs_successes,ahs_sr_pct,delta_pp,base_calls_per_episode,ahs_calls_per_episode,base_inference_seconds_per_episode,ahs_inference_seconds_per_episode,base_wall_seconds_per_episode,ahs_wall_seconds_per_episode,base_successes_per_1k_calls,ahs_successes_per_1k_calls,source
pnp_bottle_to_cabinet_close,33,66.0,34,68.0,2.0000000000000018,45.0,75.98,3.6643091170489788,5.988918746054406,19.4431842744397,21.98360053705808,14.666666666666666,8.949723611476704,parent_runtime_v2
pnp_can_to_drawer_close,31,62.0,28,56.00000000000001,-5.999999999999995,45.0,76.62,3.5354923513677203,6.017291535361437,17.540941340178833,20.323020364540863,13.777777777777779,7.3087966588358135,parent_runtime_v2
pnp_cup_to_drawer_close,17,34.0,20,40.0,6.0,45.0,73.02,3.5328932028164854,5.717514128687908,18.166272649738822,20.61589865698188,7.555555555555555,5.477951246233909,parent_runtime_v2
pnp_milk_to_microwave_close,20,40.0,22,44.0,3.9999999999999982,45.0,74.96,3.524622906629229,5.865364138988079,18.997962773140753,21.802435048077605,8.88888888888889,5.869797225186766,parent_runtime_v2
pnp_potato_to_microwave_close,11,22.0,15,30.0,7.999999999999999,45.0,77.74,3.5220267025224166,6.077632025918574,19.60821501097933,22.527106833258877,4.888888888888889,3.859017236943658,parent_runtime_v2
pnp_wine_to_cabinet_close,26,52.0,28,56.00000000000001,4.0000000000000036,45.0,78.24,3.5188120159885146,6.292183751075063,18.87484895132133,21.85707645997929,11.555555555555555,7.157464212678937,parent_runtime_v2
posttrain_pnp_novel_from_cuttingboard_to_basket,20,40.0,17,34.0,-6.0,45.0,82.14,3.6860810061485973,6.803275871677324,19.318662305620965,22.850850147539166,8.88888888888889,4.139274409544679,parent_runtime_v2
posttrain_pnp_novel_from_cuttingboard_to_cardboardbox,16,32.0,20,40.0,8.000000000000002,45.0,78.56,3.7857652141375002,6.469759826912777,18.712409441438503,21.752973869679845,7.111111111111111,5.091649694501018,parent_runtime_v2
posttrain_pnp_novel_from_cuttingboard_to_pan,27,54.0,29,57.99999999999999,3.9999999999999925,45.0,82.28,3.742705732860486,6.845039726297255,18.540885853618384,22.02468644121953,12.0,7.049100631988333,parent_runtime_v2
posttrain_pnp_novel_from_cuttingboard_to_pot,26,52.0,20,40.0,-12.0,45.0,81.9,3.743831811514101,6.795653516362654,17.64635560148221,21.003235290381127,11.555555555555555,4.884004884004884,parent_runtime_v2
posttrain_pnp_novel_from_cuttingboard_to_tieredbasket,18,36.0,14,28.000000000000004,-7.9999999999999964,45.0,80.72,3.7502643722842914,6.725188323538168,18.322962913399678,21.734046578762353,8.0,3.468780971258672,parent_runtime_v2
posttrain_pnp_novel_from_placemat_to_basket,21,42.0,23,46.0,4.0000000000000036,45.0,81.22,3.8463464870129247,6.770603718969506,19.23645745709946,22.657744422215618,9.333333333333334,5.663629647869983,fresh_env_extension_v1
posttrain_pnp_novel_from_placemat_to_bowl,16,32.0,16,32.0,0.0,45.0,80.6,3.76111640611256,6.72059202105389,20.85222213104251,23.975799856741798,7.111111111111111,3.970223325062035,fresh_env_extension_v1
posttrain_pnp_novel_from_placemat_to_plate,23,46.0,24,48.0,1.9999999999999962,45.0,82.1,3.7501442001829854,6.834147985649179,19.27016159961873,22.531949471840633,10.222222222222221,5.84652862362972,parent_runtime_v2
posttrain_pnp_novel_from_placemat_to_tieredshelf,14,28.000000000000004,14,28.000000000000004,0.0,45.0,79.38,3.7583608519297558,6.620713767418638,21.25992387566017,24.666624523539213,6.222222222222222,3.527336860670194,fresh_env_extension_v1
posttrain_pnp_novel_from_plate_to_bowl,21,42.0,22,44.0,2.0000000000000018,45.0,81.22,3.8554605420172448,6.774703726911684,20.883437628438113,23.95612275962136,9.333333333333334,5.417384880571288,task_isolated_fresh_env_extension_v2
posttrain_pnp_novel_from_plate_to_cardboardbox,14,28.000000000000004,15,30.0,1.9999999999999962,45.0,80.94,3.7505325850029476,6.740405366806081,19.054165929779412,22.482062710739555,6.222222222222222,3.7064492216456633,parent_runtime_v2
posttrain_pnp_novel_from_plate_to_pan,16,32.0,18,36.0,3.9999999999999982,45.0,80.36,3.749821691736579,6.688742330987589,19.360162072419772,22.324231516781147,7.111111111111111,4.479840716774515,parent_runtime_v2
posttrain_pnp_novel_from_plate_to_plate,30,60.0,27,54.0,-5.999999999999995,45.0,82.3,3.7487746608559975,6.850041441224167,17.220927694180865,20.644434607579022,13.333333333333334,6.561360874848116,parent_runtime_v2
posttrain_pnp_novel_from_tray_to_cardboardbox,24,48.0,25,50.0,2.0000000000000018,45.0,79.98,3.746435488319839,6.65548069098033,17.654302352178494,21.058629496439245,10.666666666666666,6.25156289072268,parent_runtime_v2
posttrain_pnp_novel_from_tray_to_plate,25,50.0,20,40.0,-9.999999999999998,45.0,81.56,3.7511775318492435,6.788473477351945,18.774041146840318,22.10914891431923,11.11111111111111,4.904364884747425,parent_runtime_v2
posttrain_pnp_novel_from_tray_to_pot,27,54.0,27,54.0,0.0,45.0,80.64,3.747655632273527,6.715840193051263,18.154779814778593,21.537668451360076,12.0,6.696428571428571,parent_runtime_v2
posttrain_pnp_novel_from_tray_to_tieredbasket,17,34.0,18,36.0,1.9999999999999962,45.0,80.56,3.758703923212015,6.7131937172485046,20.495357062319528,23.93603667351941,7.555555555555555,4.468718967229394,task_isolated_fresh_env_extension_v2
posttrain_pnp_novel_from_tray_to_tieredshelf,12,24.0,14,28.000000000000004,4.0000000000000036,45.0,80.36,3.759376389225945,6.704668889237801,22.070155569899942,25.79190066049865,5.333333333333333,3.484320557491289,task_isolated_fresh_env_extension_v2
